"pname","1919-01-01","1920-01-01","1921-01-01","1922-01-01","1923-01-01","1924-01-01","1925-01-01","1926-01-01","1927-01-01","1928-01-01","1929-01-01","1930-01-01","1931-01-01","1932-01-01","1933-01-01","1934-01-01","1935-01-01","1936-01-01","1937-01-01","1938-01-01","1939-01-01","1940-01-01","1941-01-01","1942-01-01","1943-01-01","1944-01-01","1945-01-01","1946-01-01","1947-01-01"
"","","","","","","","","8","8","","","","","","","","","","","","","","","","","","","",""
"  Armi Inkeri Hallstein-Kallia","","","","","","","","8","8","8","8","8","8","8","8","8","8","8","","","","","","","","","","",""
" Albert Dan Meurig Evans","","","","","","","","","","","","","","","","","","","","","","","","","","","8","",""
"Aarne Wuorimaa","","","","","8","8","8","","","","","","","","","","","","","","","","","","","","","",""
"Abdul Waheed","","","","","","","","","","","","","","","","","","","","8","8","8","8","8","8","8","8","",""
"Abol-Hassan Khan Hekimi","","","","","","","","8","8","8","8","8","8","8","8","8","8","8","8","8","8","8","8","","","","","",""
"Adrianus Pelt","","8","8","8","8","8","8","8","8","8","8","8","8","8","8","8, 9","8, 9","8, 9","8, 9","8, 9","8, 9","8, 9","","","","","","",""
"Âke  Hammarskjöld","","8","8","8","","","","","","","","","","","","","","","","","","","","","","","","",""
"Albéric Limpens","","8","","","","","","","","","","","","","","","","","","","","","","","","","","",""
"Alberto Berio","","","","","","","","","","","","","","","","8","8","8","8","","","","","","","","","",""
"Alex Paternotte","","8","8","8","","","","","","","","","","","","","","","","","","","","","","","","",""
"Alexander Loveday","8","8","8","8","8","8","8","8","8","8","8, 9","9","9","9","9","9","9","9","9","9","9","9","","","","","","",""
"Alexander Przychowsky","","","","","","","","","","","8","","","","","","","","","","","","","","","","","",""
"Alfred Eduard Husslein","","","","","","","","","8","8","8","8","8","8","8","8","","","","","","","","","","","","",""
"Alfred Francois Monod","10","10","10","","","","","","","","","","","","","","","","","","","","","","","","","",""
"Alfred Hersley","","","","","","","","","","","","","9","9","9","9","9","9","","","","","","","","","","",""
"Alfred von Suchan","","","","","","8","8","8","8","8","8","8","8","8","8","8","8","8","8","8","8","","","","","","","",""
"Alfredo Blanco","","","","8","8","8","8","8","8","8","","","","","","","","","","","","","","","","","","",""
"Alice Tallichet","","","","","","","","8","8","8","8","8","8","8","8","8","8","8","8","8","8","8","8","8","8","8","8","8",""
"Amulya Chandra Chatterjee","","","","","","","","","","","8","8","8","8","8","8","8","","","","","","","","","","","",""
"André D. Toledano","8","8","8","8","8","8","","","","","","","","","","","","","","","","","","","","","","",""
"André Ganem","","","","","","","","","","","","8","8","8","8","8","8","8","8","8","8","8","","","","","","",""
"André Sayous","","8","","","","","","","","","","","","","","","","","","","","","","","","","","",""
"Andrée Marie Colin","","","","","","8","8","8","8","8","8","8","8","8","8","8","8","8","8","8","8","8","8","","","","","",""
"Angel Maria Cespedes","","","","","","","8","8","8","8","8","8","8","8","8","8","8","8","8","8","8","8","","","","","","",""
"Anna Teresa Paradas","","","","","","","","","","","8","8","8","8","","","","","","","","","","","","","","",""
"Anthony Buxton","","","","","","","","","","","","","9","","","","","","","","","","","","","","","",""
"Antoine Charles Pierre Denis","","8","8","8","8","8","8","8","","","","","","8","","","","","","","","","","","","","","",""
"Armando Mencia","","","","","","","","","8","8","8","8","8","8","8","8","","","","","","","","","","","","",""
"Arnold Herman van Ittersum","","","8","8","8","8","8","8","8","8","8","8","8","8","8","8","8","","","","","","","","","","","",""
"Arthur Bullard","","","","","","","","8","8","","","","","","","","","","","","","","","","","","","",""
"Arthur Elliott Felkin","","","","","","","","","","","","","","","","","","","","8","8","8","8","8","8","8","8","8",""
"Arthur Sweetser","8","8","8","8","8","8","8","8","8","8","8","8","8","8","8, 9","8, 9","8, 9","8, 9","8, 9","8, 9","8, 9","8, 9","8, 9","8, 9","","","","",""
"Benedetto Gentile","","","","","","","","","","","","","8","8","8","8","","","","","","","","","","","","",""
"Bengt Helger","","","","","","","","","","","","","","","","","","","","8","8","","","","","","","",""
"Bertil Arne Renborg","","","","","","","","","","","","","","","","","","","","","9","9","9","9","9","9","9","9",""
"Bertil Gotthard Ohlin","","","","","","","","","","","","","8","","","","","","","","","","","","","","","",""
"Bhagirath Nath Kaul","","","","","","","","","","","","","","","","","","","8","8","8","8","8","8","","","","",""
"Boleslaw Celinski","","","","","","","","","","","","","","","","","","8","8","8","8","8","8","8","8","8","8","8",""
"Branko Lukac","","","","","","","","","","","8","8","8","8","8","8","8","8","8","8","8, 9","9","9","9","9","9","9","9",""
"Brian Durnin","","","","","","","","","","","","","","","","","","","","8","8","8","","","","","","",""
"Bruno Brivonesi","","","","","","8","8","8","8","8","8","8","8","","","","","","","","","","","","","","","",""
"C.H. Wykes","8","8","","","","","","","","","","","","","","","","","","","","","","","","","","",""
"Carl Prausnitz","","","","","","","","","","","","8","","","","","","","","","","","","","","","","",""
"Carlos Garcia Palacios","","","","","","","","","8","8","8","8","8","8","8","8","8","8","8","8","8","8","","","","","","",""
"Cecil von Renthe-Fink","","","","","","","","","8","8","8","8","8","8","8","","","","","","","","","","","","","",""
"Charles Anthony Woodward Manning","","","","","","","","","","","8","","","","","","","","","","","","","","","","","",""
"Charles Blackman","","","","","","","8","8","8","8","","","","","","","","","","","","","","","","","","",""
"Charles Eugène Aloïs Marie Smets","","","","8","8","8","8","8","8","8","8","8","8","8","8","8","8","8","8","","","","","","","","","",""
"Chester Purves","","","","","","","","","","","","","","","","","","","8","8","8","8","","","","","","",""
"Chifeng Hsia","","","","","8","8","8","8","8","8","","","","","","","","","","","","","","","","","","",""
"Chikao/Chikas Fujisawa","","8","8","8","8","","","","","","","","","","","","","","","","","","","","","","","",""
"Christian Olsen","","","","","8","8","","","","","","","","","","","","","","","","","","","","","","",""
"Constance Myra Harris","","","","","","","","","","","","","","","","","","","","","","","","","","","","9","9"
"Constantin Visoianu","","","","","","","","","","","","","8","8","8","","","","","","","","","","","","","",""
"Constantine Francis MacGuire","","","","","","","","","","","","","","","","","","","","","","","","","8","8","8","8",""
"Count Camillo Spingardi","","8","8","","","","","","","","","","","","","","","","","","","","","","","","","",""
"Cristobal Rodriguez","","","","","8","8","8","8","8","8","8","8","8","8","8","8","8","8","8","8","","","","","","","","",""
"Dame Rachel Eleanor Crowdy","8","8","8","8, 9","9","9","9","9","9","9","9","9","9","","","","","","","","","","","","","","","",""
"Daniele Vare","","8","8","8","8","","","","","","","","","","","","","","","","","","","","","","","",""
"Denys Noël  Crapon","","","","","","","","","","","","","","","8","8","8","8","8","","","","","","","","","",""
"Dorothy G. Wiehl","","","","","8","8","","","","","","","","","","","","","","","","","","","","","","",""
"Dr.  Aldo Crosara","","","","8","8","","","","","","","","","","","","","","","","","","","","","","","",""
"Dr.  Ignatius Wasserberg","","","","","8","8","8","8","8","8","8","8","8","8","8","8","8","8","8","","","","","","","","","",""
"Dr.  Joost Adriaan van Hamel","9","9","9","9","9","9","9","9","","","","","","","","","","","","","","","","","","","","",""
"Dr.  Michel Ciuca","","","","","","","","","","","8","8","8","8","8","8","","","","8","8","8","","","","","","",""
"Dr.  Raymond Pierre Léon Gautier","","","","","","","","9","9","9","9","9","9, 8","8","8","8","8","8","8","8","8, 9","9","","","","8","8","8",""
"Dr.  Yves Biraud","","","","","","","","8","8","8","8","8","8","8","8","8","8","8","8","8","8","8","8","8","8","8","8","8",""
"Dr. Alexandre Roubakine","","","","","","","","","","","8","8","8","8","","","","","","","","","","","","","","",""
"Dr. Andrew Colman Gaal","","","","","","","","","8","8","8","8","8","8","8","","","","","","","","","","","","","",""
"Dr. Andrija Stampar","","","","","","","","","","","","","","","","","","8","8","","","","","","","","","",""
"Dr. Aristides Aquirre Sayago","","","","","","","8","8","","","","","","","","","","","","","","","","","","","","",""
"Dr. Berislas Borcic","","","","","","","","","","","","8","8","8","8","8","","","","","","","","","","","","",""
"Dr. Charles Leslie Park","","","","","","","","","","","8","8","8","8","8","8","8","8","8","8","8","8","8","8","8","8","8","8",""
"Dr. Czeslaw Wroczynski","","","","","","","","","","","","","","","","","8","8","","","","","","","","","","",""
"Dr. Edmond Privat","","","8","8","","","","","","","","","","","","","","","","","","","","","","","","",""
"Dr. Emil Eugen Roesle","","","","","","","","","8","","","","","","","","","","","","","","","","","","","",""
"Dr. Erik Knaffl-Lenz","","","","","8","","","","","","","","","","","","","","","","","","","","","","","",""
"Dr. Etienne Burnet","","","","","","","","","","8","8","8","8","8","8","8","8","8","","","","","","","","","","",""
"Dr. Ewald Tomanek","","","","","","8","8","8","8","8","8","8","8","8","8","8","","","","","","","","","","","","",""
"Dr. Frank Boudreau","","","","","","","8","8","8","8","8","8","8","8","8","8","8","8","8","","","","","","","","","",""
"Dr. Frederick Norman White","","9","9","9","9","9","9","9","9","9","9","9","9","9","9","9","","","","","","","","","","","","",""
"Dr. G. G.  Kullmann","","","","","","","","","","","","","8","8","8","8","8","8","8","8","","","","","","","","",""
"Dr. Genzo Katoh","","","","","","","","","","","8","8","8","8","8","8","","","","","","","","","","","","",""
"Dr. George Jean Claude Forestier","","","","","","","","","8","8","8","8","8","8","8","","","","","","","","","","","","","",""
"Dr. Giuseppe Druetti","","","","","8","8","","","","","","","","","","","","","","","","","","","","","","",""
"Dr. Hawkling Yen","","","8","8","","","","","","","","","","","","","","","","","","","","","","","","",""
"Dr. Hector Rulot","","","","8","8","8","","","","","","","","","","","","","","","","","","","","","","",""
"Dr. Hiroshi Kusama","","","","","","","8","8","8","8","8","","","","","","","","","","","","","","","","","",""
"Dr. I. Kuhn","","","","","","8","","","","","","","","","","","","","","","","","","","","","","",""
"Dr. Joseph Celarek","","","","","","","","","","","","","8","8","8","8","8","","","","","","","","","","","",""
"Dr. Jur. Thanassis (Athanase) Aghnides","8","8","8","8","8","8","8","8","8","8","8","8, 9","9","9","9","9","9","9","9","9","9, 10","10","10","10","10","10","","",""
"Dr. Knud Stouman","","","8","8","8","8","8","8","8","8","8","8","","","","","","","","","","","","","","","","",""
"Dr. Louis Destouches","","","","","","8","8","8","8","","","","","","","","","","","","","","","","","","","",""
"Dr. Ludwik Witold Rajchman","","","9","9","9","9","9","9","9","9","9","9","9","9","9","9","9","9","9","9","9","","","","","","","",""
"Dr. Melville Douglas Mackenzie","","","","","","","","","","8","8","8","8","8","8","8","8","8","8","8","8","8","","","","","","",""
"Dr. Otto Eichel","","","","","","9","","","","","","","","","","","","","","","","","","","","","","",""
"Dr. Otto Olsen","","","","","","","8","8","8","8","8","8","8","8","8","8","8","8","8","8","8","8","","","","","","",""
"Dr. Paul Gustave Louis Barandon","","","","","","","","","8","8","","","8","8","8","","","","","","","","","","","","","",""
"Dr. Robert Henri Hazemann","","","","","","","","","","","","","","","","","","","8","8","8","","","","","","","",""
"Dr. Shoji Kanai","","","","8","8","","","","","","","","","","","","","","","","","","","","","","","",""
"Dr. Sonti Dakshinamurty","","","","","","","","","","","","","","","","","","","","","","8","8","8","","","","",""
"Dr. Thomas J.  Duffield","","","","","8","8","","","","","","","","","","","","","","","","","","","","","","",""
"Dr. Tôyôjirô Kitano","","","","","8","8","","","","","","","","","","","","","","","","","","","","","","",""
"Dr. Tsefang Huang","","","","","","","","","","","","8","8","8","8","","","","","","","","","","","","","",""
"Dr. Tsune Ouchi","","","","","","","","","","","","9","9","9","9","9","9","9","9","9","9","","","","","","","",""
"Dr. Wallace Ruddell Aykroyd","","","","","","","","","","","","","8","8","8","8","8","","","","","","","","","","","",""
"Dr. Walter Fortunat Muehlon","","","","","","","","","","","","","","","","","","","","","","","","","","8","8","",""
"Dr. Wolfgang Krauel","","","","","","","","","","","","","","8","","","","","","","","","","","","","","",""
"Edith Jean McDougall","","","","","","","","","","","","","","","","","","","","8","","","","","","","","",""
"Edmond Eugéne Butterworth","","","","","","","","","","","","6","6","6","6","6","6","6","6","6","6","6","","","6","6","6","6",""
"Edouard Bigwood","","","","","","","","","","","","","","","","","","","8","","","","","","","","","",""
"Edouard Ganzoni","","","","","8","8","8","8","8","8","8","8","8","8","8","8","8","8","8","8","8","","","","","","","",""
"Edouard Rodolphe de Haller","","","","","","","","8","8","8","8","8","8","8","8","8","8, 9","9","9","9","9","9","","","","","","",""
"Edward Mayor Hastings Lloyd","8","8","8","","","","","","","","","","","","","","","","","","","","","","","","","",""
"Edwige Sophie Thérèse Adèle de Romer","","","","","","","","","8","8","8","8","8","8","8","8","8","8","8","8","8","8","","","","","","",""
"Edwin  Haward","","","","","","","","","","","","","","","","","","","","","8","","","","","","","",""
"Egon Ranshofen-Wertheimer","","","","","","","","","","","","8","8","8","8","8","8","8","8","8","8","8","","","","","","",""
"Elemér de Radisics","","","","","","","","","","","","","8","8","8","8","8","8","8","8","8","8","","","","","","",""
"Emil Otto Hauswirth","","","","","","","","","","","","8","8","8","8","8","8","8","8","8","","","","","","","","",""
"Emile Giraud","","","","","","","","","8","8","8","8","8","8","8","8","8","8","8","8","8","8","","","","","","",""
"Emilio Pampana","","","","","","","","","","","","","8","8","8","8","8","8","8","8","","","","","","","","",""
"Emlie Léon Henneberger","","","","","","","","","","","","","","","","9","9","9","9","9","9","9","9","9","9","9","9","9",""
"Enrique  Munguia","","","","","","","","","","","","","","","","","","","","8","8","8","","","","","","",""
"Eric Ibbetson James","","8","8","8","8","8","","","","","","","","","","","","","","","","","","","","","","",""
"Erik Andreas Colban","9","9","9","9","9","9","9","9","9","9","9","9","","","","","","","","","","","","","","","","",""
"Erik Einan Ekstrand ","","","","","","","","","","","","","9","9","9","9","9","9","9","9","9","","","","","","","",""
"Ernest Morgan Ward","","","","","","","","","","","","","8","8","8","8","","","","","","","","","","","","",""
"Ernest Sindefield Harston","","","","","","","","","","6","6","9","9","","","","","","","","","","","","","","","",""
"Ernest W. H. Jackman","","8","8","8","8","","","","","","","","","","","","","","","","","","","","","","","",""
"Essy Hjördis Lehmann","","","","","","","","","","","","","8","8","8","8","8","8","8","8","8","","","","","","","",""
"Eugéne  Catargi","","","","8","","","","","","","","","","","","","","","","","","","","","","","","",""
"Eugène  Derobert","","","","","","","","","","","","8","8","8","8","8","8","8","8","8","8","8","","","","","","",""
"Eugène Henri René  Vigier","","","10","10","10","10","10","10","10","10","10","10","10","10","10","10","10","10","10","10, 9","10, 9","10, 9","10, 9","10, 9","10, 9","10, 9","10, 9","10, 9",""
"Eugène Xammar","","8","8","","","","","","","","","","","","","","","","","","","","","","","","","",""
"Eva Henriette Aubert","","","","","","6","6","6","","","","","8","8","8","8","8","8","8","8","8","8","","","","","","",""
"Evelyne Meylan","","","8","","","","","","","","","","","","","","","","","","","","","","","","","",""
"Félice Arcoleo","","","","","","","","","","8","8","8","8","8","","","","","","","","","","","","","","",""
"Felix Vejarano","","","","","","","","","","","","","","","","","","8","8","8","8","8","8","","","","","",""
"Fernando Correia Pereira da Silva","","","","","","","","","","","","","","","","8","8","8","8","8","8","8","8","","","","","",""
"Finn Tage Blichfeldt Friis","","","","","8","8","8","8","8","8","8","8","8","8","8","8","8","8","8","8","8","8","","","","","","",""
"Florian Delhorbe","","","8","8","8","8","","","","","","","","","","","","","","","","","","","","","","",""
"Francis Colt de Wolf","","","","","","","","","","","","","8","8","8","8","","","","","","","","","","","","",""
"Franck Louis Schoell","","","","","","","","","9","9","9","9","7","7","7","7","7","7","7","7","7","7","","","","","","",""
"Franco Bruno Averardi","","","","8","8","8","","","","","","","","","","","","","","","","","","","","","","",""
"Frank Horsfall Nixon","","","9","9","9","","","","","","","","","","","","","","","","","","","","","","","",""
"Frank Paul Walters","","8","8","8","8","8","8","8","8","8","8","8","8, 9","9","9","","","","","","","","","","","","","",""
"Frédéric Blondeel","","","","8","8","8","8","8","8","8","8","8","8","8","8","8","8","8","8","8","8","8","","","","","","",""
"Frederic Rupert Hapgood","","","","","","","","","","","","","","9","9","9","9","9","9","9","9","","","","","","","",""
"Friederich von Arnauld de la Periere","","","","","","","","","","","","6","6","6","6","6","","","","","","","","","","","","",""
"Fritz Betz","","","","","","","","","","8","8","8","8","8","8","8","8","8","8","8","8","","","","","","","",""
"Fritz Schnabel","","","","","","","","","9","9","9","9","9","9","9","9","9","9","9","9","9","","","","","","","",""
"Fulvio Zugaro","","","","8","","","","","","","","","","","","","","","","","","","","","","","","",""
"Gabrielle Jeanne Anne Marie Radziwill","","","","","","","","","8","8","8","8","8","8","8","8","8","8","8","8","","","","","","","","",""
"Gabrielle Juncker-Rohde","","","","","","","","","","","","","","","","","","","","","8","8","8","8","8","8","8","",""
"Gaston A.  Vetch","","","","","","","8","8","8","","","","","","","","","","","","","","","","","","","",""
"Geoffrey Pomeroy  Dennis","","","","","","","","","","","","","9","9","9","9","9","9","9","","","","","","","","","",""
"Georg F. Preihs","","","","","","","","","","","","8","8","8","8","8","8","8","8","8","","","","","","","","",""
"George Douglas Millar","","","","","","","","","","","","","","","","","","","","9","9","9","","","","","","",""
"George Herbert Mair","6","6","6","6","","","","","","","","","","","","","","","","","","","","","","","","",""
"Georges Djura Popovitch","","","","8","8","8","8","8","8","8","8","8","8","8","","","","","","","","","","","","","","",""
"Georges Léon César Demolon","","9, 8","8","8","8","8","8","8","8","8","8","8","8","8","8","8","8","8","8","8","8","","","","","","","",""
"Georges Maxime Rastel","","","","","","","","","","","","","","","","","","","","","8","8","","","","","","",""
"Georges Meyer","","","","","8","8","","","","","","","","","","","","","","","","","","","","","","",""
"Georges Oprescu","","","","","8","8","8","8","8","8","8","8","","","","","","","","","","","","","","","","",""
"Georges Paul Solyom","","","","","","","","8","","","","","","","","","","","","","","","","","","","","",""
"Georges Silvain François Charles Kaeckenheeck","8","8","8","8","","","","","","","","","","","","","","","","","","","","","","","","",""
"Gerald Heguerty Furtado Abraham","","8","8","8","8","8","8","8","8","8","8","8","8","8","","","","","","","","","","","","","8","8",""
"Geraldo Horacio de Paula Souza","","","","","","","","","","8","8","","","","","","","","","","","","","","","","","",""
"Gerhard Furst","","","","","","","","","","","","8","8","8","8","8","8","8","8","8","8","","","","","","","",""
"Giacomo Constantin  Stuyt","","","","","","","","","","","","","","","","","","","8","8","8","8","","","","","","",""
"Gijsbert Frans van Dissel","","","","","","","","","","","","","8","8","8","8","8","8","8","8","8","","","","","","","",""
"Giuseppe Righetti","","","","","","8","8","8","8","","","","","","","","","","","","","","","","","","","",""
"Giuseppe Rocca","","","","","8","8","8","8","8","","","","","","","","","","","","","","","","","","","",""
"Giuseppe Tani","","","","","","","","","","","8","8","8","8","8","8","8","8","8","","","","","","","","","",""
"Godfrey Isaac Howard Lloyd","","","","","","","","","","","","","","","","","8","8","8","","","","","","","","","",""
"Gottfried Haberler","","","","","","","","","","","","","","","","8","8","8","","8","","","","","","","","",""
"Grace Isabella Day","8","8","8","8","8","8","8","8","8","8","8","8","8","8","8","8","8","8","8","8","8","8","","","","","","",""
"Guido Crolla","","","","","","","","","","","","","8","8","8","8","","","","","","","","","","","","",""
"Guillaume Théodore Conrad Zwerner","","","","","","","","","","","8","8","","","","","","","","","","","","","","","","",""
"Guiseppe Bruccoleri","","","8","8","8","8","8","8","8","8","8","8","8","8","8","8","8","8","8","","","","","","","","","",""
"Gustavo Pittaluga","","","","","","","","","","","","","","","","","","","8","","","","","","","","","",""
"Hans-Ulrich von Kotze","","","","","","","","","","","","8","8","8","8","","","","","","","","","","","","","",""
"Hans Christian Berg","","","","","","8","8","8","8","8","8","8","8","8","8","8","","","","","","","","","","","","",""
"Hazel K. Stiebeling","","","","","","","","","","","","","","","","","","","8","8","","","","","","","","",""
"Heinz Julius Hugo Truetzschler von Falkenstein","","","","","","","","","","","","","8","8","8","8","","","","","","","","","","","","",""
"Helmer Rostgaard Gommesen Rosting","","8","8","8","8","8","8","8","8","8","8","8","8","8","8","8","8","8","","","","","","","","","","",""
"Henri Bonnet","","","8","8","8","8","8","8","8","8","8","8","8","","","","","","","","","","","","","","","",""
"Henri Ernest Reymond","","","","","","","","","","","","8","8","","","","","","","","","","","","","","","",""
"Henri Gabriel Vilatte","","","","","","","","","","","","","","","","","","","","9","9","9","9","9","9","9","9","9",""
"Henri Gustave Lamba","","8","8","8","8","8","8","","","","","","","","","","","","","","","","","","","","","",""
"Henri Pierre Hoffer","","8","8","","","","","","","","","","","","","","","","","","","","","","","","","",""
"Henriette Charlotte Schlesser","","","","","","","","","","","","","","","4","4","4","4","4, 8","8","","","","","","","","",""
"Henry Reginald Cummings","","8","8","8","8","8","8","8","8","8","8","8","8","","","","","","","","","","","","","","","",""
"Hessel Duncan Hall","","","","","","","","","8","8","8","8","8","8","8","8","8","8","8","8","8","","","","","","","",""
"Hideo Masutani","","","","","","","","8","8","","","","","","","","","","","","","","","","","","","",""
"Howard Riggins Huston","","","","9","9","9","9","9","9","9","9","9","","","","","","","","","","","","","","","","",""
"Hugh Darvill Watson","","","8","8","8","8","8","8","8","8","8","","","","","","","","","","","","","","","","","",""
"Hugh McKinnon Wood","","","","","","","","","","","","","","","","","","","","","9","9","","","","","","",""
"Humphrey Charles Mynors","","","","","","","","8","","","","","","","","","","","","","","","","","","","","",""
"Huntington Gilchrist","","","","","","8","8","8","8","8","","","","","","","","","","","","","","","","","","",""
"Ian Fleming","","","","","","","","","","","","8","","","","","","","","","","","","","","","","",""
"Ionel Mocsonyi-Styrcea","","","","","","","","","","","","","","","","","","","8","8","8","8","","","","","","",""
"Ivan  Milec","","","","","8","8","","","","","","","","","","","","","","","","","","","","","","",""
"Ivan Kerno","","","","","","","","","","8","8","8","8","8","8","8","","","","","","","","","","","","",""
"Jacob Ludwig Maria Metternich","","","","","","","","","8","8","8","8","8","8","8","8","8","8","8","8","8","","","","","","","",""
"Jal Jemshid Dalal","","","","","","","","8","8","8","8","8","8","8","8","8","8","8","8","8","8","8","","","","","","",""
"James Alistair Brown","10","10","10","10","10","10","","","","","","","","","","","","","","","","","","","","","","",""
"James Arthur Salter","9","9","9","9","9","9","9","9","9","9","9","9","9, 8","","","","","","","","","","","","","","","",""
"James Edward Meade","","","","","","","","","","","","","","","","","","","","8","8","8","","","","","","",""
"Jan  van Waltré de Bordes","","","8","8","8","8","8","8","8","8","8","8","8","8","8","8","8","8","8","","","","","","","","","",""
"Jan Tinbergen","","","","","","","","","","","","","","","","","","8","8","8","","","","","","","","",""
"Jan Tingbergen","","","","","","","","","","","","","","","","","","8","8","8","","","","","","","","",""
"Jan Vaclac Hyka","","","","","","","","","","","","","","","","","","","8","8","8","8","","","","","","",""
"Jaques Léon Rueff","","","","","","","","","8","8","8","8","","","","","","","","","","","","","","","","",""
"Jean Daniel de Montenach","","8","8","8","8","8","8","8","8","8","8","8","8","8","8","8","8","8","8","8","8","","","","","","","",""
"Jean Henri Bieler","8","8","8","8","8","8","8","8","8","8","8","8","8","8","8","8","8","8","8","8","8","8","8","","","","","",""
"Jean Pierre Kremer","","","","","","","","","","","","","8","8","8","8","8","8","8","8","8","8","","","","","","",""
"Jean Vallery-Radot","","","","","","","","","","","","","","","","","","","","","9","9","","","","","","",""
"Jessie Irene Wall","","","","","","","","8","8","","","","","","","","","","","","","","","","","","","",""
"Johan Ansgar Esaias Rosenborg","","","8","8","8","8","8","8","8","8","8","8","8","8","8","8","8","8","8","8","8","8","8","8","8","8","8","8",""
"Johan Marie Frans Romein","","8","8","8","8","8","8","8","8","8","8","8","8","8","","","","","","","","","","","","","","",""
"John Henry Chapman","","","8","8","8","8","8","8","8","8","8","8","8","8","8","8","8","8","8","8","8","8","8","8","8","8","8","8",""
"John Leslie Palmer","8","8","8","8","8","8","8","8","8","8","8","8","8","8","8","8","8","8","","8","8","","","","","","","",""
"John Lindberg","","","","","","","","","","","","","","","","","","","8","8","8","","","","","","","",""
"John MacKey Hodge","","","","","8","8","8","","","","","","","","","","","","","","","","","","","","","",""
"John Marcus Fleming","","","","","","","","","","","","","","","","","8","8","8","","","","","","","","","",""
"John Pawley Bate","8","","","","","","","","","","","","","","","","","","","","","","","","","","","",""
"John Raeburn Green","","8","8","","","","","","","","","","","","","","","","","","","","","","","","","",""
"José H. Porto","","","","","","","","8","8","8","","","","","","","","","","","","","","","","","","",""
"José Lebre Barbosa Magalhaes","","","","","8","8","8","","","","","","","","","","","","","","","","","","","","","",""
"José Pla","","","","8","8","8","8","8","8","8","8","8","8","8","8","8","8","8","8","8","8","","","","","","","",""
"Joseph Adamek","","","","","","","","","","","","","","","","","","","8","8","8","8","8","8","8","8","8","8",""
"Joseph Gabriel Starke","","","","","","","","","","","","","","","","","8","8","8","8","8","8","","","","","","",""
"Joseph Hippolyte Marie Ghislain Nisot","","","","8","8","8","8","8","8","8","8","8","8","8","8","8","8","8","8","8","8","8","","","","","","",""
"Joseph Vivian Wilson","","","","","8","8","8","8","8","8","8","8","8","8","8, 9","9","9","9","9","9","9","9","","","","","","",""
"Jost Terhaar","","","","","","","","","","9","9","9","9","9","9","","","","","","","","","","","","","",""
"Joycelyn  Horn","10","10","10","10","","","","","","","","","","","","","","","","","","","","","","","","",""
"Juan Antonio Buero","","","","","","","","","","9","9","9","9","9","9","9","9","","","","","","","","","","","",""
"Juan de las Barcenas","","","","","","","","","","","","","8","","","","","","","","","","","","","","","",""
"Juan Schwartz y Dias-Flores","","","","","","","","","","","","","8","8","8","8","8","8","8","8","8","","","","","","","",""
"Juan Teixidor y Sanchez","","8","8","8","8","8","8","8","8","8","8","8","8","8","8","","","","","","","","","","","","","",""
"Julian Nogueira","","","","8","8","8","8","8","8","8","8","8","8","8","8","8","8","8","8","8","8","","","","","","","",""
"Julienne Christine Piachaud née Mayras","","","","8","8","8","8","8","8","8","8","8","8","8","8","8","8","8","8","8","8","8","","","","","","",""
"Kaneo Tsuchida","","","","","","","","","","","8","8","8","8","8","8","8","","","","","","","","","","","",""
"Karel Frolik","","","","","","","","8","","","","","","","","","","","","","","","","","","","","",""
"Karel Lisicky","","","","","","","","","","","","","","","","8","8","8","8","","","","","","","","","",""
"Karen Petersen","","","","","","","","","","","","","","","","","","","","","","","","","","","8","8",""
"Karl Hudeczek","","","","","8","8","","","","","","","","","","","","","","","","","","","","","","",""
"Karl Ott","","","","","","","","8","8","","","","","","","","","","","","","","","","","","","",""
"Karol Pindór","","","","","","","","","","","","","","","","","","","","8","8","8","","","","","","",""
"Konni Zilliacus","","8","8","8","8","8","8","8","8","8","8","8","8","8","8","8","8","8","8","8","","","","","","","","",""
"Konstanty Symonolewicz","","","","","","","","","","","","","","","","","","","8","","","","","","","","","",""
"Laurence Chalmers Tombs","","","","","","","","","","","","8","8","8","8","8","8","8","8","8","8","","","","","","","",""
"Leclercq","8","8","","","","","","","","","","","","","","","","","","","","","","","","","","",""
"Léon Steinig","","","","","","","","","","","","8","8","8","8","8","8","8","8","8","8","8","8","8","8","8","8","8",""
"Lillie Rhoda Gait","","4","4","4","4","4","4","4","4","4","4","4","4","4","4","4","","","","","","","","","","","","",""
"Louis Constant Edgard Muller","","","8","8","8","8","8","8","8","8","8","8","8","8","8","8","8","8","8","8","8","8","","","","","","",""
"Louis Emile Roux","","","","","","","","8","8","","","","","","","","","","","","","","","","","","","",""
"Louis Joxe","","","","","","","","","","","","","","","9","","","","","","","","","","","","","",""
"Louis Rasminsky","","","","","","","","","","","","8","8","8","8","8","8","8","8","8","8","8","8","8","8","","","",""
"Louis Varlez","9","9","","","","","","","","","","","","","","","","","","","","","","","","","","",""
"Luca Pietromarchi","","","","","8","8","8","8","8","8","8","8","","","","","","","","","","","","","","","","",""
"Ludwig Thorwald de Krabbe","","","8","8","8","8","8","8","8","8","8","8","8","8","8","","8","8","8","8","8","","","","","","","",""
"Luigi Chiappelli","","","","","","","","","","","","","8","8","8","","","","","","","","","","","","","",""
"Luigi Villari","","8","8","8","8","","","","","","","","","","","","","","","","","","","","","","","",""
"Luis Bolin","","8","8","8","","","","","","","","","","","","","","","","","","","","","","","","",""
"M. F. W. Joseph","","","","","","","","","","","","","","","","8","8","8","8","8","8","8","8","8","8","8","","",""
"Manley Hudson","8","8","8","8","8","8","8","8","8","8","8","8","","","","","","","","","","","","","","","","",""
"Manual Juan Arocha","","","","","","8","8","8","8","8","8","8","8","8","8","8","8","8","","","","","","","","","","",""
"Manuel Aguirre de Cárcer","","","","","","","","","","9","9","9","","","","","","","","","","","","","","","","",""
"Manuel Perez-Guerrero","","","","","","","","","","","","","","","","","","","8","8","8","8","","","","","","",""
"Marc August Nolda","","","","","","","","8","8","8","8","8","8","8","8","","","","","","","","","","","","","",""
"Marc Veillet-Lavallee","","","","","","","","","8","8","8","8","8","8","8","8","8","8","8","8","8","8","","","","","","",""
"Marcel Guillaume Jacques Wiser","","","","","","","","","","","","","","","","","","","","","","8","8","","","","","",""
"Marcel Hoden","","","8","8","8","8","8","8","8","8","8","8","8","8","8","","","","","","","","","","","","","",""
"Marcello Roddolo","","","","","8","8","8","8","8","8","8","8","8","8","8","8","","","","","","","","","","","","",""
"Maria Elisabeth Ottilia de Steller","","","","","","","","","","","","","","","","","8","8","8","8","8","8","","","","","","",""
"Marquis Emanuele Schinina","","","","","","","","","8","8","8","8","8","8","","","","","","","","","","","","","","",""
"Massimo Pantaleoni","","","","","","","8","8","8","8","8","8","8","8","8","","","","","","","","","","","","","",""
"Mathilde Dal Santo","","8","8","8","8","8","","","","","","","","","","","","","","","","","","","","","","",""
"Maui Sanasan","","","","","","","8","8","8","8","8","8","8","8","8","8","8","8","8","8","8","8","","","","","","",""
"Maurice Edward Marie Baumont","","","","","","","","","8","8","8","8","8","","","","","","","","","","","","","","","",""
"Maurice Grivel","","","","","","","","","","","","","","","","","9","9","9","9","","","","","","","","",""
"Max Beer","","","","","","","","","8","8","8","8","","","","","","","","","","","","","","","","",""
"Max Habicht","","","","","","","","","","8","8","8","8","8","8","8","8","8","8","8","8","","","","","","","",""
"Mehemed Djevad","","","8","","","","","","","","","","","","","","","","","","","","","","","","","",""
"Michael Barkway","","","","","","","","","","","","","","","","","","","8","8","","","","","","","","",""
"Miroslav Antonin Kriz","","","","","","","","","","","","","","","","","","8","8","8","8","8","8","","","","","",""
"Mitchell Benedict Carroll","","","","","","","","","","","","8","8","8","8","","","","","","","","","","","","","",""
"Morikatsu Inagaki","","","","","","","","","","","","8","8","","","","","8","8","","","","","","","","","",""
"Nancy Williams","","","","","","","","","8","8","8","8","8","8","8","8","8","8","8","8","8","","","","","","","",""
"Narciso de Freire de Anrade","","","","","","","","","","8","8","8","8","8","8","8","","","","","","","","","","","","",""
"Nicolas Henri Lahovary","","","","8","8","","","","","","","","","","","","","","","","","","","","","","","",""
"Noel Haviland Field","","","","","","","","","","","","","","","","","","8","8","8","8","8","","","","","","",""
"Nokhem/Nahim Sloutzki","","","","","","","","","","8","8","8","8","8","8","8","8","8","8","8","8","8","","","","","","",""
"Octave Auguste Arsandaux","","9","9","9","9","9","9","9","","","","","","","","","","","","","","","","","","","","",""
"Olavi Tapio Voionmaa","","","","","","","","","","","8","8","8","8","8","8","8","8","8","","","","","","","","","",""
"Orie Benjamin Gerig","","","","","","","","","","","","","8","8","8","8","8","8","8","8","","","","","","","","",""
"Oscar Bertholin","","","","","","","","8","8","8","8","8","8","8","8","8","8","8","8","8","8","8","","","","","","",""
"Oscar Uno Konrad Thorsing","","","","","","8","","","","","","","","","","","","","","","","","","","","","","",""
"Pablo de Azcárate","","","","8","8","8","8","8","8","8","8","8, 9","9","9","9","","","","","","","","","","","","","",""
"Paul Gilles Léon Deperon","","","","","","","","","","","","","8","8","8","8","8","8","8","8","8","8","8","8","8","8","8","8",""
"Paul Joseph Mantoux","","9","9","9","9","9","9","9","9","","","","","","","","","","","","","","","","","","","",""
"Per Jacobsson","","8","8","8","8","8","8","8","8","8","","","","","","","","","","","","","","","","","","",""
"Percy Gill Watterson","","6","6","6","6","6","6","6","6","6","6","6","6","6","6","6","6","6","6","6","6","6","6","6","6","6","6","6",""
"Peter Christian Schou","","","","","","","","","","","","","","","","","","9","9","","","","","","","","","",""
"Peter Martin Anker","","","","","","","","","","","","","8","8","8","8","8","8","8","8","8","8","8","8","8","8","8","8",""
"Peter René Oscar Bally","","","","8","8","","","","","","","","","","","","","","","","","","","","","","","",""
"Peter Welps","","","","","","","","","8","8","8","8","8","8","8","8","8","8","8","8","8","8","8","8","8","8","8","8","8"
"Philip John Noel-Baker","8","8","8","8","","","","","","","","","","","8","","","","","","","","","","","","","",""
"Pierre Achille Louis Eugène Quesnay","","","","","8","8","8","8","","","","","","","","","","","","","","","","","","","","",""
"Pierre Comert","9","9","9","9","9","9","9","9","9","9","9","9","9","9","","","","","","","","","","","","","","",""
"Pierre Henry Watier","","","","","","","","","","","","","","","","","","","9","","","","","","","","","",""
"Pierre Marc Siraud","","","","","","","","","","","","","","","","","8","8","8","8","8","8","","","","","","",""
"Pierre Waelbroeck-Rolin","8","8","","","","","","","","","","","","","","","","","","","","","","","","","","",""
"Pietro Angelo Stoppani","","","","","8","8","8","8","8","8","8, 9","9","9","9","9","9","9","9","9","9","9, 8","","","","","","","",""
"Prof. Bernardo B. Attolico","9","9","","","","","","","","","","","","","","","","","","","","","","","","","","",""
"Prof. Corrado Gini","","","8","8","","","","","","","","","","","","","","","","","","","","","","","","",""
"Prof. Felice Vinci","","","8","","","","","","","","","","","","","","","","","","","","","","","","","",""
"Prof. John Bell Condliffe","","","","","","","","","","","","","8","8","8","8","8","8","8","","","","","","","","","",""
"Prof. Louis Tardy","","","","","","","","","","","","","","","","","","","","8","8","","","","","","","",""
"Prof. William E. Rappard","","9","9","9","9","9","","","","","","","","","","","","","","","","","","","","","","",""
"Purushottama Padmanabha Pillai","","","","","","8","8","8","8","","","","","","","","","","","","","","","","","","","",""
"R.G. Somervell","","","","","","","","","","","","","","","8","8","8","","","","","","","","","","","",""
"Ragnar Nurkse","","","","","","","","","","","","","","","","8","8","8","8","8","8","8","8","8","8","8","8","8",""
"Rahmat Atabeki","","","","","","","","","","","","","","","","","","","","","8","8","","","","","","",""
"Rasmus Ingvald Berentson Skylstad","","","","","","","","","","","","","","","","","","","","9","9","9","9","9","","","","",""
"Raymond Newton Kershaw","","","","","","8","8","8","8","8","8","","","","","","","","","","","","","","","","","",""
"Reginald Berkeley","","","","8","","","","","","","","","","","","","","","","","","","","","","","","",""
"Renato Prunas","","","","","","","","","","","","","","","","8","8","8","","","","","","","","","","",""
"René  Durel","","","","","","","","","","","","","8","","","","","","","","","","","","","","","",""
"René Marie Frédéric Charron","","","","","","","","","","","","","","9","9","9","9","9","9","9","9","9","9","9","9","9","9","9",""
"Rifat Sadik Tirana","","","","","","","","","","","","","8","8","8","8","8","8","8","8","8","","","","","","","",""
"Robert  Haas","8","8","8","8","8","8","8","8","8, 9","9","9","9","9","9","9","9","9","","","","","","","","","","","",""
"Robert André Felix Bach","","","","","","","","","","","","","","","","","","","8","8","8","8","","","","","","",""
"Ross Tolmie","","","","","","","","","","","","8","","","","","","","","","","","","","","","","",""
"Royall Tyler","","","","","","","","","","","","","","","","","","","","8","8","8","8","8","8","","","",""
"S. B. McElderry","","","","8","","","","","","","","","","","","","","","","","","","","","","","","",""
"Sadâmand Mangest Dhume","","","","","","","","","","8","8","8","8","8","8","8","8","","","","","","","","","","","",""
"Salvador Madariga","","","","","","","","","9","","","","","","","","","","","","","","","","","","","",""
"Saofong Wu","","","","","","","","","","8","8","8","8","8","8","8","8","8","8","8","8","8","","","","","","",""
"Sarah Wambaugh","","8","","","","","","","","","","","","","","","","","","","","","","","","","","",""
"Setsuichi Aoki","","","","","","","","","","","","","","8","8","","","","","","","","","","","","","",""
"Shiko Kusama","","","","","","","8","8","","","","","","","","","","","","","","","","","","","","",""
"Sigismond Deutschman","","","8","8","8","8","8","8","8","8","8","8","8","8","8","8","8","8","8","8","8","8","8","","","","","",""
"Sir Herbert Brown Ames","9","9","9","9","9","9","9","9","","","","","","","","","","","","","","","","","","","","",""
"Solon George Xenakis","","","","","","","","","","","","","","","","","","","","8","8","8","","","","","","",""
"Stanislas Adolphe Neyman","","8","8","8","8","8","8","8","8","8","8","8","8","8","8","8","8","8","8","8","8","","","","","","","",""
"Stanislawa Adamowicz","","","8","8","8","","","","","","","","","","","","","","","","","","","","","","","",""
"Stanley Thomas Cross","","","","","","","","","","","","","","","","","8","8","8","8","","","","","","","","",""
"T. Lodge","","8","8","8","","","","","","","","","","","","","","","","","","","","","","","","",""
"Tetsuro Furukaki","","","","","","8","8","8","8","8","8","","","","","","","","","","","","","","","","","",""
"Tevfik Kerim Erim","","","","","","","","","","","","","","","","8","8","8","8","8","8","8","8","8","8","8","8","8","8"
"Thomas Arthur Hiam","","8","8","8","8","8","8","8","8","8","8","","","","","","","","","","","","","","","","","",""
"Thomas Frank Johnson","","","","","","","","","","","","9","9","","","","","","","","","","","","","","","",""
"Tjalling Koopmans","","","","","","","","","","","","","","","","","","","","8","8","8","","","","","","",""
"Tsan-Quo Chou","","","","","","","","","","","","","","","","","","","","8","8","","","","","","","",""
"Ugo Theodoli","","","","","","","","","","","8","8","8","8","8","8","8","8","8","","","","","","","","","",""
"Valentin Joseph Stencek","","","8","8","8","8","8","8","8","8","8","8","8","8","8","","","","9","9","9","9","9","9","9","9","9","9","9"
"Vangala Shiva Ram","","","","","","","","","","","","","","","","","","8","8","","","","","","","","","",""
"Vernon Bartlett","","","","9","9","9","9","9","9","9","9","9","9","9","","","","","","","","","","","","","","",""
"Viktorias Kamantanskas","","","","","","","","","","","","","","","","","","","8","","","","","","","","","",""
"Vito Catastini","","","8","8","8","8","8, 9","9","9","9","9","9","9","9","9","9","9, 8","8","8","","","","","","","","","",""
"Vitold Baroni","","","","","","","8","8","","","","","","","","","","","","","","","","","","","","",""
"Vladeta D. Voukitchevitch","","","","8","8","8","8","8","8","8","8","8","8","8","8","8","8","8","8","8","8","","","","","","","",""
"Vladimir Dimitrievitch Pastuhov","","","","","","","","","","","","8","8","8","8","8","8","8","8","8","8","8","","","","","","",""
"Vladimir Miselj","","","8","8","8","8","8","8","8","8","8","8","8","8","8","8","8","8","8","8","8","8","","","","","","",""
"Vladimir Slavik","","8","8","8","8","8","8","8","8","8","","","","","","","","","","","","","","","","","","",""
"Werner Karl August Günther von Schmieden","","","","","","","","","8","8","8","8","8","8","8","","","","","","","","","","","","","",""
"Wilhelm Friedrich Schubert","","","","","","","8","8","8","8","8","8","","","","","","","","","","","","","","","","",""
"Wilhelm von Bayer","","","","","6","","","","","","","","","","","","","","","","","","","","","","","",""
"Willem Herman Johan van Asch van Wijck","","","","","","","6","6","6","6, 9","9","9, 8","8","8","8","8","8","8","8","8","8","8","8","8","8","8","8","8","8"
"William Harpham","","","","","","","","","","","","","","","","","","","8","8","8","","","","","","","",""
"William Martin","8","8","","","","","","","","","","","","","","","","","","","","","","","","","","",""
"William Martin Hill","","","","","","","","","8","8","8","8","8","8","8","8","8","8","8","8","8","","","","","","","",""
"William O'Sullivan-Molony","","","8","8","","","8","8","8","8","8","8","8","","","","","","","","","","","","","","","",""
"William Stephen Sanders","","8","","","","","","","","","","","","","","","","","","","","","","","","","","",""
"Wladimiar Karakacheff","","","","","","8","8","8","8","8","8","8","8","8","8","8","8","8","8","8","8","8","","","","","","",""
"Yin Fun Cheng","","","","","","","","","","","8","8","8","8","8","8","8","8","","","","","","","","","","",""
"Yotaro Sugimura","","","","","","","","","9","9","9","9","9","9","9","","","","","","","","","","","","","",""
